Wall time,Step,Value
1764539455.8408825,500,0.7549999952316284
1764539674.0951095,1000,0.4129999876022339
1764539893.4230294,1500,0.19599999487400055
1764540112.7281902,2000,0.14499999582767487
1764540330.2977684,2500,0.14800000190734863
1764540549.0657797,3000,0.15299999713897705
1764540768.1709356,3500,0.14300000667572021
1764540986.2744462,4000,0.1509999930858612
1764541205.2908423,4500,0.1509999930858612
