Wall time,Step,Value
1764539455.8408206,500,0.03500000014901161
1764539674.095051,1000,0.07500000298023224
1764539893.4229724,1500,0.10599999874830246
1764540112.7281344,2000,0.09399999678134918
1764540330.2976809,2500,0.11400000005960464
1764540549.0657218,3000,0.11699999868869781
1764540768.170875,3500,0.11599999666213989
1764540986.2743864,4000,0.12099999934434891
1764541205.2907815,4500,0.11699999868869781
