Wall time,Step,Value
1764532133.304661,500,0.032999999821186066
1764532366.9733908,1000,0.06499999761581421
1764532602.3133655,1500,0.07900000363588333
1764532837.5544944,2000,0.09399999678134918
1764533072.9129663,2500,0.10300000011920929
1764533308.1767995,3000,0.11500000208616257
1764533544.1204174,3500,0.11900000274181366
1764533779.523628,4000,0.11800000071525574
1764534013.7909703,4500,0.12099999934434891
1764534249.3849022,5000,0.11999999731779099
