Wall time,Step,Value
1764536384.5888112,500,0.03400000184774399
1764536624.2736092,1000,0.061000000685453415
1764536865.4128318,1500,0.08900000154972076
1764537106.6389492,2000,0.10199999809265137
1764537347.912229,2500,0.11800000071525574
1764537589.1704137,3000,0.11599999666213989
1764537829.9954457,3500,0.12600000202655792
1764538071.201714,4000,0.12300000339746475
1764538311.0781922,4500,0.125
