Wall time,Step,Value
1764536384.5888727,500,0.8199999928474426
1764536624.2736685,1000,0.8460000157356262
1764536865.4128873,1500,0.8289999961853027
1764537106.6390085,2000,0.8360000252723694
1764537347.9122882,2500,0.8429999947547913
1764537589.1704724,3000,0.8399999737739563
1764537829.9955118,3500,0.8349999785423279
1764538071.2017725,4000,0.8379999995231628
1764538311.078255,4500,0.8399999737739563
