Wall time,Step,Value
1764532133.3047347,500,0.8339999914169312
1764532366.9734507,1000,0.8450000286102295
1764532602.313439,1500,0.8510000109672546
1764532837.5545533,2000,0.843999981880188
1764533072.913029,2500,0.8489999771118164
1764533308.1768582,3000,0.8569999933242798
1764533544.1205013,3500,0.8550000190734863
1764533779.5236857,4000,0.8529999852180481
1764534013.7910292,4500,0.8539999723434448
1764534249.38496,5000,0.8539999723434448
