Wall time,Step,Value
1764484298.8733814,500,0.8519999980926514
1764484548.1883438,1000,0.8579999804496765
1764484798.887026,1500,0.8650000095367432
1764485049.7275312,2000,0.859000027179718
1764485301.865685,2500,0.859000027179718
1764485553.4389868,3000,0.8569999933242798
1764485804.648043,3500,0.8709999918937683
1764486055.2120588,4000,0.8629999756813049
1764486306.828703,4500,0.8610000014305115
1764486557.5489192,5000,0.8640000224113464
1764486808.0508409,5500,0.8640000224113464
1764487059.0676966,6000,0.8679999709129333
1764487308.8677232,6500,0.8629999756813049
1764487559.0880215,7000,0.8640000224113464
1764487809.411762,7500,0.8659999966621399
1764488059.8189971,8000,0.8629999756813049
1764488310.4340084,8500,0.8650000095367432
1764488560.8212488,9000,0.8650000095367432
