Wall time,Step,Value
1764477003.6656327,500,0.8759999871253967
1764477281.2180557,1000,0.8629999756813049
1764477558.4180655,1500,0.8700000047683716
1764477835.4970086,2000,0.8759999871253967
1764478112.4561012,2500,0.875
1764478389.9014494,3000,0.8809999823570251
1764478668.3889837,3500,0.8769999742507935
1764478946.9536045,4000,0.8809999823570251
1764479223.5909483,4500,0.8790000081062317
