Wall time,Step,Value
1764477003.6655703,500,0.03500000014901161
1764477281.217996,1000,0.02800000086426735
1764477558.4180026,1500,0.02199999988079071
1764477835.4969478,2000,0.02500000037252903
1764478112.4560409,2500,0.023000000044703484
1764478389.9013722,3000,0.024000000208616257
1764478668.388926,3500,0.02199999988079071
1764478946.9535444,4000,0.023000000044703484
1764479223.5908837,4500,0.024000000208616257
