{
  "experiment": "nli-only",
  "config": {
    "math_ratio": 0,
    "nli_ratio": 1,
    "learning_rate": 0.0003,
    "batch_size": 256,
    "num_epochs": 3
  },
  "final_metrics": {
    "math_acc": 0.0155,
    "math_loss": 1.910195341706276,
    "nli_acc": 0.8688741721854305,
    "nli_loss": 0.18186610363996947
  },
  "best_model": {
    "best_metric": "nli_acc",
    "best_value": 0.881,
    "best_step": 3000
  },
  "training_time": 2549.7265400886536,
  "epochs_completed": 3,
  "total_steps": 4599,
  "gpu_memory": {
    "total_gb": 39.55743408203125,
    "allocated_gb": 2.3614134788513184,
    "reserved_gb": 33.166015625,
    "max_allocated_gb": 32.59808301925659
  }
}